-- phpMyAdmin SQL Dump
-- version 4.6.5.2
-- https://www.phpmyadmin.net/
--
-- Host: 127.0.0.1
-- Generation Time: May 08, 2017 at 07:56 AM
-- Server version: 10.1.21-MariaDB
-- PHP Version: 5.6.30

SET SQL_MODE = "NO_AUTO_VALUE_ON_ZERO";
SET time_zone = "+00:00";


/*!40101 SET @OLD_CHARACTER_SET_CLIENT=@@CHARACTER_SET_CLIENT */;
/*!40101 SET @OLD_CHARACTER_SET_RESULTS=@@CHARACTER_SET_RESULTS */;
/*!40101 SET @OLD_COLLATION_CONNECTION=@@COLLATION_CONNECTION */;
/*!40101 SET NAMES utf8mb4 */;

--
-- Database: `gradeserverplus`
--

-- --------------------------------------------------------

--
-- Table structure for table `assignments`
--

CREATE TABLE `assignments` (
  `assignmentId` int(20) NOT NULL,
  `max_score` int(20) NOT NULL,
  `weight` int(20) NOT NULL,
  `name` varchar(20) NOT NULL
) ENGINE=InnoDB DEFAULT CHARSET=latin1 ROW_FORMAT=COMPACT;

--
-- Dumping data for table `assignments`
--

INSERT INTO `assignments` (`assignmentId`, `max_score`, `weight`, `name`) VALUES
(1, 100, 50, 'exam1'),
(3, 100, 50, 'exam2'),
(4, 100, 40, 'exam1'),
(5, 100, 60, 'exam2');

-- --------------------------------------------------------

--
-- Table structure for table `courses`
--

CREATE TABLE `courses` (
  `courseId` int(20) NOT NULL,
  `name` varchar(20) NOT NULL
) ENGINE=InnoDB DEFAULT CHARSET=latin1 ROW_FORMAT=COMPACT;

--
-- Dumping data for table `courses`
--

INSERT INTO `courses` (`courseId`, `name`) VALUES
(2, 'CMSC389N'),
(6, 'CMSC216');

-- --------------------------------------------------------

--
-- Table structure for table `course_assignments`
--

CREATE TABLE `course_assignments` (
  `id` int(11) NOT NULL,
  `courseId` int(20) NOT NULL,
  `assignmentId` int(20) NOT NULL
) ENGINE=InnoDB DEFAULT CHARSET=latin1 ROW_FORMAT=COMPACT;

--
-- Dumping data for table `course_assignments`
--

INSERT INTO `course_assignments` (`id`, `courseId`, `assignmentId`) VALUES
(1, 2, 1),
(2, 2, 3),
(3, 6, 4),
(4, 6, 5);

-- --------------------------------------------------------

--
-- Table structure for table `grades`
--

CREATE TABLE `grades` (
  `id` int(11) NOT NULL,
  `userId` int(20) NOT NULL,
  `assignmentId` int(20) NOT NULL,
  `score` int(20) NOT NULL
) ENGINE=InnoDB DEFAULT CHARSET=latin1 ROW_FORMAT=COMPACT;

--
-- Dumping data for table `grades`
--

INSERT INTO `grades` (`id`, `userId`, `assignmentId`, `score`) VALUES
(1, 1, 1, 60),
(2, 1, 3, 60),
(3, 2, 4, 60),
(4, 2, 5, 70),
(5, 3, 1, 10),
(6, 3, 3, 20),
(7, 3, 4, 100),
(8, 4, 4, 40),
(9, 4, 5, 100),
(10, 5, 4, 75),
(11, 5, 5, 80),
(12, 6, 4, 90),
(13, 6, 5, 75),
(14, 7, 4, 100),
(15, 7, 5, 82),
(16, 8, 4, 34),
(17, 8, 5, 45),
(18, 9, 4, 65),
(19, 9, 5, 62),
(20, 10, 4, 72),
(21, 10, 5, 78);

-- --------------------------------------------------------

--
-- Table structure for table `users`
--

CREATE TABLE `users` (
  `userId` int(20) NOT NULL,
  `name` varchar(20) NOT NULL,
  `password` varchar(40) NOT NULL,
  `image_name` varchar(30) NOT NULL,
  `image_data` longblob NOT NULL
) ENGINE=InnoDB DEFAULT CHARSET=latin1 ROW_FORMAT=COMPACT;

--
-- Dumping data for table `users`
--

INSERT INTO `users` (`userId`, `name`, `password`, `image_name`, `image_data`) VALUES
(1, 'a', '0cc175b9c0f1b6a831c399e269772661', 'husky-512.png', 0x89504e470d0a1a0a0000000d4948445200000200000002000806000000f478d4fa00005a1d4944415478daeddd099854d59df7f1215d4d17454f65324b4c8c3ad9de6c4e92c9f2ce9b49263133138d46a4ab7aadea6ef6eeaa6a16055141517141050444c4155171414571371004054105114111574450146471010504f4bce714f7b6c7b6fbd6ad5b756bbbdf7a9ef32850fde9ae73bbceef5ff79e7bcedffd1d0f1e3c78f0e0c18347ba8f3ffde98fdd64fb8ad6bae1e1e1e1e1e1e1159797ee372febd8f0f0f0f0f0f0f08acb4bb7eaf0c956ae359fd3ea030f0f0f0f0f0f2ff79e936faebe6177ad9567f862f0f0f0f0f0f0f072e839f9e615b2f9b55691e18bc1c3c3c3c3c3c3cba1e7e49bab6fd8436bfe0c5f0c1e1e1e1e1e1e5e0e3dd3b4fb4435bb30205b4fada93f7fc5e137c6c3c3c3c3c3c3cbbdd7cd9834f815bbdf5c7dc34aadf5ccf0c5e0e1e1e1e1e1e1e5d6332710a62e00b46f1ed45a65862fa6120f0f0f0f0f0f2fa75e37edae01eb02c0787240fb01be6afc379317633a5fc5c3c3c3c3c3c3cb89674e20ecae1500ddac9eecd74e3d04e96c3c3c3c3c3cbca2f4ccbb06da0b805495428f0ed71ee86c3c3c3c3c3cbce2f202da5d03aa00f0a5ba46e0d70a809e74361e1e1e1e1e5ed17966869b0540b9d5a97f9f512198054080cec6c3c3c3c3c32b3a4fbf6ba087e5a241c6a48072ad00f0d3d978787878787845e905b502c09f6ad29f5e0064b25c21070f0f0f0f0f0f2fbf9e5900042cf3dcf8a232ed1e41c21f0f0f0f0f0faf78bda0ad397c5a01e023fcf1f0f0f0f0f08adeb377f79e560010fe7878787878785ef132dc5188cec6c3c3c3c3c32b728fcec1c3c3c3c3c323fce91c3c3c3c3c3c3cc29fcec6c3c3c3c3c323fce96c3c3c3c3c3c3cc21f0f0f0f0f0f0f8ff0c7c3c3c3c3c3c32bc4f0b77df71f9d8d878787878757129eb9f4bfed45822ae96c3c3c3c3c3cbca20f7f9fad0240db4f384867e3e1e1e1e1e11575f89bfbfd581700c69303c6a7ff209d8d878787878757b4e15f61ecf65b6eb9f4bff164bff1e9bf52db5b98cec6c3c3c3c3c32b2ecf6fb4f6022055a5d0432b002ae96c3c3c3c3c3cbca2f302469e9b05802fd53502bf5600f4a4b3f1f0f0f0f0f08ace3333dc2c00caad4efdfb8c0ac12c000274361e1e1e1e1e5ed179e6d97bb300a8b00aff32a33ae8ae5d2fa0b3f1f0f0f0f0f08acf0b6a05803fd5a43fbd00a8b0bd4a109d8d878787878757689e5900042cf3dcf8a232ed1e41c21f0f0f0f0f0faf78bda0ad397c5a01e023fcf1f0f0f0f0f08adeb377f79e560010fe7878787878785ef19c063f9d8d8787878787571a1e9d83878787878747f8d339787878787878843f9d8d878787878747f8d3d9787878787878843f1e1e1e1e1e1e1ee18f8787878787875788e16ffbee3f3a1b0f0f0f0f0faf243c73e97fdb8b0455d2d9787878787878451ffe3e5b0580b69f7090cec6c3c3c3c3c32beaf037f7fbb12e008c27078c4fff413a1b0f0f0f0f0faf68c3bfc2d8edb7dc72e97fe3c97ee3d37fa5b6b7309d8d8787878787575c9edf68ed0540aa4aa187560054d2d978787878787845e7058c3c370b005faa6b047ead00e84967e3e1e1e1e1e1159d6766b85900945b9dfaf7191582590004e86c3c3c3c3c3cbca2f3ccb3f76601506115fe654675d05dbb5e4067e3e1e1e1e1e1159f17d40a007faa497f7a0150617b95203a1b0f0f0f0f0fafd03cb3000858e6b9f14565da3d82843f1e1e1e1e1e5ef17a415b73f8b402c047f8e3e1e1e1e1e115bd67efee3dad0020fcf1f0f0f0f0f0bce2390d7e3a1b0f0f0f0f0faf343c3a070f0f0f0f0f8ff0a773f0f0f0f0f0f0087f3a1b0f0f0f0f0f8ff0a7b3f1f0f0f0f0f0087f3c3c3c3c3c3c3cc21f0f0f0f0f0f0faf10c3dff6dd7f74361e1e1e1e1e5e4978e6d2ffb61709aaa4b3f1f0f0f0f0f08a3efc7db60a006d3fe1209d8d878787878757d4e16feef7635d00184f0e189ffe8374361e1e1e1e1e5ed1867f85b1db6fb9e5d2ffc693fdc6a7ff4a6d6f613a1b0f0f0f0f0fafb83cbfd1da0b805495420fad00a8a4b3f1f0f0f0f0f08ace0b18796e1600be54d708fc5a01d093cec6c3c3c3c3c32b3acfcc70b30028b73af5ef332a04b30008d0d978787878787845e79967efcd02a0c22afccb8ceaa0bb76bd80cec6c3c3c3c3c32b3e2fa81500fe5493fef402a0c2f62a4174361e1e1e1e1e5ea179660110b0cc73e38bcab47b04097f3c3c3c3c3cbce2f582b6e6f06905808ff0c7c3c3c3c3c32b7acfdedd7b5a0140f8e3e1e1e1e1e179c5731afc74361e1e1e1e1e5e6978740e1e1e1e1e1e1ee14fe7e0e1e1e1e1e111fe74361e1e1e1e1e1ee14f67e3e1e1e1e1e111fe78787878787878843f1e1e1e1e1e1e5e2186bfedbbffe86c3c3c3c3c3cbc92f0cca5ff6d2f12544967e3e1e1e1e1e1157df8fb6c1500da7ec2413a1b0f0f0f0f0fafa8c3dfdcefc7ba00309e1c303efd07e96c3c3c3c3c3cbca20dff0a63b7df72cba5ff8d27fb8d4fff95dadec274361e1e1e1e1e5e71797ea3b51700a92a851e5a01504967e3e1e1e1e1e1159d1730f2dc2c007ca9ae11f8b502a0279d8d878787878757749e99e16601506e75eadf675408660110a0b3f1f0f0f0f0f08ace33cfde9b05408555f89719d54177ed7a019d8d8787878787577c5e502b00fca926fde9054085ed5582e86c3c3c3c3c3cbc42f3cc02206099e7c6179569f70812fe787878787878c5eb056dcde1d30a001fe18f878787878757f49ebdbbf7b40280f0c7c3c3c3c3c3f38ae734f8e96c3c3c3c3c3cbcd2f0e81c3c3c3c3c3c3cc29fcec1c3c3c3c3c323fce96c3c3c3c3c3c3cc29fcec6c3c3c3c3c323fcf1f0f0f0f0f0f0087f3c3c3c3c3c3cbc420c7fdb77ffd1d978787878787825e1994bffdb5e24a892cec6c3c3c3c3c32bfaf0f7d92a00b4fd848374361e1e1e1e1e5e5187bfb9df8f7501603c39607cfa0fd2d9787878787878451bfe15c66ebfe5964bff1b4ff61b9ffe2bb5bd85e96c3c3c3c3c3cbce2f2fc466b2f0052550a3db402a092cec6c3c3c3c3c32b3a2f60e4b95900f8525d23f06b05404f3a1b0f0f0f0f0fafe83c33c3cd02a0dcead4bfcfa810cc02204067e3e1e1e1e1e1159d679ebd370b800aabf02f33aa83eedaf5023a1b0f0f0f0f0faff8bca05600f8534dfad30b800adbab04d1d978787878787885e6990540c032cf8d2f2ad3ee1124fcf1f0f0f0f0f08ad70bda9ac3a715003ec21f0f0f0f0f0fafe83d7b77ef690500e18f8787878787e715cf69f0d3d9787878787878a5e1d139787878787878843f9d83f745af2a9af865753431a53a1a7f3a1c89bd561d493c1f6e8cdd2dff3cb4ae6ef037e83f3c3cf7bcdae696ef84a38951d58d8979b2ad97efbf77428db1e7c291f8b5e1a6c46fe83f3cc21f2feb5eefde27fe4b7563ec4639e87c269be8ac8522b14f43d1c41db54df19fd07f7878d9f36a22b15f5747620f76f5de6b7f0f46e3b79dd4b7cf57e93f3cc21f2f2bde9fab438785228965a9061fbd10083726ae686e6eee49ffe1e139f7427d86fc533892b8d1ee7b4fb570b4f599134facfe16fd8747f8e365ecc9d38b37a5330069ed8d50cd8063391e7878e97b354db1ff55a7f8d30bff58b255350c9ac3f1c023fcf1320bff86d89f1d86ffa181281afba477c3c093391e7878b6bd6ec675fecf9c847f7b1150d7bf9ae381676176a373f02c3d39b0ac701afe7a0b455aaee078e0e1597bc71c33d6274ff95f9fe9fb2df99e6b4cac54c504c703af63f01bebfed85e24a892cef69e176a6cfb5536c25fb5e4bf4513d78d1d3bf62b1c0f3cbc2f7b757575dde529ffb9597bbf1d9a14f81f1c0fbc0ee1efb3550068fb0907e96cef797222dfe46c0e468706a4d8cd768b008e079e57bc582c561e6e8cdf9bedf79b7a0f733cf0b4f037f7fbb12e008c27078c4fff413adb7b9e3c85f8523607a3f6e7c959cda94e4d723cf0bc74da5f9e1dbb2bdbe19f2cb8e57b98e38167e47985b1db6fb9e5d2ffc693fdc6a7ff4a6d6f613adb23de898d6d5f4b671292ddf06f6ff27240574500c703cf43a7fdcbe4fa1ab7bb11feed4580bc9590e3e179cf6fb4f6022055a5d0432b002ae96c6f79354d6dc7b916fe9fb72b391e785e0e7f7549cccdf0574ddd4ec8f1f0b41730f2dc2c007ca9ae11f8b502a0279ded3d4f7e426f7339fccd6b9453391e785ef3d43c18f95e99e976f81b67dbda381e9ef5cc0c370b8072ab53ff3ea342300b80009ded4dafba313edeedf0d706a84b391e781ef2bac9dffb6b7212fec9223b7e09c7c3939e79f6de2c002aacc2bfcca80eba6bd70be86c8f7aa94e4d662dfcdb27060e9ac4f1c0f348f84fcb55f86b936e391edef3825a01e04f35e94f2f002a6caf12446797a4273f95df93b3f06f5f2c68d0251c0fbc520e7f376eadb57186ed1e8e87273db3000858e6b9f14565da3d8284bfc73d63bbd19c857f7b11d0d0723ec703af343ff9a7beace6d2fb6d1ec7c3935ed0d61c3ead00f011fe78c94b0091f8a3b90e7fd393d72c4fe378e0959227c3ff823c85bffcbac4428e87273d7b77ef690500e18f679c01882fce47f87f7eda327e0ac703af143c19c0e7e42bfc8d026011c703cf0a7014fc7476e97a7a0190f3f06f7f5e7c30c703afc8c37f543ec33fb91050a47531c7032feb0f3abb743db300c857f81bedb35063bc95e381579c7b69c447e43bfc0fcdabf94201c0f1c523fcf15216004bf21cfeed4580fc59fa737cf18aea9a7f343eb410c2bf4301c0f1c523fcf1527be148cbd202087fe31466ec537939a089e38b571ca7fde3f142097fad00e0f8e211fe78f63c59002c2b84f0d776353b581389d7737cf10ad9ab694a0c2ca4f03fb4be46b200e0f8e211fe78f63cbd00c877f87fde6207aa22031a39be780579dabf31d1279d1d347335c746dd05c0f1c523fcf16c7b66015038e17fc8ab6a88ed0fd5f58b707cf10aea937f241e5597aa0a2dfccd750038be789d98dde81cbc4e3d3507a0d0c2df6c55d1d827bdeb07d4707cf10ac10b37c56bd525aa420c7f270500c7b7e43d73e97fdb8b0455d2d9def2d45d008518fe9f5fd74cecad6e6cfb13c7172f9f9ebc4db54a5d9a2ad4f04fb700e0f87a22fc7db60a006d3fe1209ded2dafe34a808538b8851a637b6a9ae27fe4f8e2e5e5937fa4ed445988ee2fe4f04fa700e0f87a22fccdfd7eac0b00e3c901e3d37f90cef696e7a400c8cbe016497c24b72efe2f8e2f5e6e67fbb71d274ffb7f52e8ef0fbb0500c7d713e15f61ecf65b6eb9f4bff164bff1e9bf52db5b98cef688976e0190d7458322895de1a6c46f38be78b9f9e49ff89f4397a08ae3fd91aa00e0f87ac2f31badbd00485529f4d00a804a3adb5b5e3a054021ac18283f8d7d501389fd9ae38be7ea35ff68db31ead253d114c7290a008eaf27bc8091e76601e04b758dc0af15003de96cef79760b8002592ed83813107baf2692f805c717cfa5cb62bf53979c8a29fcad0a008eaf273c33c3cd02a0dcead4bfcfa810cc022040677bd3b35300a43318c5dace10a79d769ee833f0147707cb486c475563eb4f39be78d9fde41fff0f75a9c9cdb0eedb32428c1c79ae18181b99d5f747670500c7d7139e79f6de2c002aacc2bfcca80eba6bd70be86c8f7aa90a00bb83d1a0f869e2b9471e1362c38664fbecf5d7c5aaf90bc5e85117b8f74929127bf7a4eabebfe6f8e265e59a7f53eb2fab23f1f7dd0aff73c65c2c9e5ff858f2bd61be4f9e7a70fe178ae54cde1f1d0b008eaf67bca05600f8534dfad30b800adbab04d1d925e95915007607a386be43c4c62757b40f6a1ddb43b7ce11f57d86b8b3626074d0d65ee1e8af38be7899783591b69fc9f9253bdd08ff48bfa162c19c7bbb7c7fac5db858c8bb0d327e7fe80500c7d7539e5900042cf3dcf8a232ed1e41c2dfe35e5705403a83d18c69d77539b8a9f6a9fcc4f3ccbcbf89a6fe43dd593130d2fa4eaf70e3cf39be78cec27ff0d1f2776abb1be1dfbf758478f5f12752be3f2eb9e0d28c8b63b300e0f87ace0bda9ac3a715003ec21fafab0220dd4f221b963d6539b87dfce28be2a375ebc4da471e15cd461190f51503a3894dd58d83ff95e38b978e57db94f8a1fc9ddaea56f86f5afe74caf057ef8f27ee7f38e3e25815001c5f4f7af6eeded30a00c21fafd302c0c984263be16fb6e7172c124d034e7667c5c048ecf57053cb111c5f3c5be1df3cf8fb7279dfb7dd08ff7ef27d617559ace3fb63e79a35a2b6299e5171ac7603e4f8e259018e829fce2e5d4f2f009c5c831c73e638dbe1affeacfefea5c54b4563ff61aedc1a25afe3be2a27737d93e38b67e55535c4bf7de8ac51f6c35f4dea7b7dd993b6c3df6c6d43cec8e8cc5828d2ba98e38b97f5079d5dba9e5900389d8034f992cbd30a7ff3392f2c5a22a2fd4f7665b6b52c025e0a3727becef1c5ebccabeb133b4afe9ebce146f8abb35b76aef977f6fe3867cc45199d190b357ca100e0f7058ff0c74b59002cc964f6f19593af4a3bfccda66e895233a4dd593130fe42af68ec9ff97dc1fbc269ffbef16fc9df8ff56e84bf3aabf5f2e2658ec25ffdfdc5174ccae8b2985600f0fb8247f8e3a5f6c29196a599cc3ebe6aca558ec2df6cabffb648de4638d49d4583a28935b5b583feb1c48f6fb7de0307febd0ab65043db8fd54236354d89dfcb2d94ffbba631717ca87e406d55c38068b2d5f5af93ad4af6cbffaa8d95d492ca6a129cba64525737b8b2d4df1fea75cadf8b57dc087f75366bdda34b1c87bffaf7f1e326677459cc280018fff0087f3c7b9e2c00966532fbd82c009c84bfd956ce7b24b94e803bcbabc69ea9ab8b7db5d88eef5ffef2e7af9d5413f9913c43738c7c1d7d643bbb3a1a9f2ec3fb2ed90f8f27834c2e5a23273e7e9aade2495e3a39a8ee85579750d4a5a17063e24ef9f7d3e4ff9f29bf7753a866c0b17f0935fee88f7ffcaf7f28baf0979784e4efc28b6edde7afce666512fe4e0a802fdd0973680e00e31f1ee18f67cfd30b0027a71f55019049f89b6df943f3455df36057560c9441b6bcaaaafe5b85783cd4276f3970ff261c19940835b44c0dd70f9a2fd735585f158d7d92b7bd1652adbbd010db5b156d7d25dc18bf4f160717c945749ad52a7ab5b5237a14e2fb23d467c83fc9e57d9f77a3ffd4d92b75162bd3f04fb700e8ece753770130fee111fe78b63db300701a0c574ebe32e3f037db13f7ff5516016deeac1858dfbabc77ef130fcfe7f150a7ead52e73d5d1d8a9f254fd6dc6e9e8cf0a6aa3a50cbc436710e22fc8ff9f258bae936b1ada7edb2b160be4f3fd716263dbd7e4ae7ecfbaf17ad5592b75f62a1be19f4e01d0d5cf976a3b60c63f6f86bfedbbffe86cef796a0e4026e1306de2e559097f73b05c70e73d7259d4b83be1258b9d3f57870ecbd5f1489e768e266a64184e95ff5da502b2a0775974c10b4512fbd51918f9fa2f95670caa4e3aa9e65f7336db5f5efa917dbed28dd7abce56a9b356d90a7fbb0580d5cf976e01c0f857f29eb9f4bfed45822ae96c6f79ea2e804cc2e172ad00c834fccdc172deec39d28fbbb3626024beb05fbf7e7e378e877265d0fd59b629723bd975c516d639f23e0b37b43c2f2f795c56553ff0c450a8caefc6fb439d6d91dff34977c2bf2d79b62a9be16fa70048f5f3a5530030fe7922fc7db60a006d3fe1209ded2dcfce76c05683915900642bfccdf6d06d772637487129bce61d7ffcb08a6cf45f72667934d1a64c79aa794f8985b5eb9eecb3ddf20cc103f2f770506dedb07fc9c6fba3b9b9b9a7315132ebaf57ae1e2896dcfb50d6c33f550160e7e7b35b0030fe7922fccdfd7eac0b00e3c901e3d37f90cef696e7a400d007215500643bfc4d6fdeed731d1501b6064b193ab158acdc49fff5aee9f33339a37c94dc8ef829750ddf2b619d93390491c492705362785543db914e7e9fd54444796c16b9f1f3a9dfc547efbedf95f0b72a00ecfe7c760a00c63f4f847f85b1db6fb9e5d2ffc693fdc6a7ff4a6d6f613adb235eba0540c78148cd017023fcf5ad84d32902d20aaf68e29e638e19ebb3d37fc787eabe5bd530e8b470c3a0a709eb9c789f256f458c265ad4b57c3bbfcfea128c3ca330dfadf0b7dad237d3f0efaa0048a7ff5215008c7f9ef0fc466b2f0052550a3db402a092cef696974e01d0d960a4ee02702bfccd76dfac3b6c15018e560c8c26eea8abab2bebacfffefce73f7d2d54d72f226fd39b276f7ddb4f58e7cb8bed93eb10dc1d6a1818d2d620f8c2efb3baa423cf203cec56f8ff559e8d7233fc3b2b00d2ed3fab0280f1cf135ec0c873b300f0a5ba46e0d70a809e74b6f73cbb0540578391be12a01be16fb6bb6eb8cdb5b091b3d36f193b766c7bdfd434b71c29ef18b838dcd0fa36615d589e3c0bf346a87ed079bdaa23dffd7cb67f5d77799fff7d6e85ff83f22c94dbe1dfb10070d27f5d15008c7f9ef0cc0c370b8072ab53ff3ea342300b80009ded4dcf4e01603518a55b00643258de3ee36617c3267e43b8bee537f2bf77c945780e12d685eda9db0be572c637879b86fc32dc18bbdbadf0bf77d6ed39097fbd0070da7f9d15008c7f9ef0ccb3f76601506115fe654675d05dbb5e40677bd44b5500a41a8cd22900b23158de72cd8d84215e4ebc39336fcd59f8ab76c98593323b93d5a10060fcf38c17d40a007faa497f7a0150617b95203abb243dab02c0ce6064b700c8e66079e39533092f3c573d75b62997e1afbe6edcf913327abd7a01c0f8e729cf2c000296796e7c5199768f20e1ef71afab02c0ee6069a7007063b0bcfab2ab082f3c573c759629d7bfcfeaebc79d373ea3d76b16008c7f9ef382b6e6f06905808ff0c7ebaa004867b04c5500b835582a67faa5d3092fbcac7a374ebf3e6fbfcf7a01e0ec75261632fe79d2b377f79e560010fe789d1600e90ebe5605809b83a5d9a68e9f4a78e165c59b71f9b5790b7fbd0070fe5a138b18fff0ac0047c14f6797aea717004e06dfae0a805c84bffaf3c1f5ebe56a84571086781979575f76755ec33f5900c8390099bc5eb95ec562c63fbcac3fe8ecd2f5cc02c0e9e0db590190abf037bdcfe47fa78cbf9c30c473e44d9f343defe1affeacee02c8e4f5861abe500030fee111fe78290b8025990cbe1d0b805c877ffbf3e4998089174d210cf1d2f2a64e9c962c20f31dfeeaefed6c076cf57ab50280f10f8ff0c74bedc915ef966632f8ea0540bec25f35752940ddba956ac960c210eff3857e068bb937dd9e2c1ef31dfe76b6034ef57a8d0280f10f8ff0c7b3e7c90260592683af5900e433fc373eb9429c7aeab984219e23ef8cd3cf139b57acccfb99ac740b802faf8e982c0018fff0087f3c7b9e5e00381974550190cff07fe8b6bb4443df2184215e465eb4dfb0f6ddfef2f5fb9c4e01d0d9eb55770130fee111fe78b63db300703af0aadd00f331587eb8769db8e8fc8984175e56bd89e3a688edcfaece4b316bb700e8eaf5a6da0e98f1cf9be16ffbee3f3adb7b9e9a0390c9e03b6de2e5391f2c5f5db24cb4244e27bcf05cf1626da789758b16e734fced160056af37dd0280f1afe43d73e97fdb8b0455d2d9def2d45d00990c96976b05402e06cb47e6dc67eb943f61889789d7d0a74dfeaedd9bb3f0b75300a47abde914008c7f9e087f9fad0240db4f3848677bcbb3b31db0d5606416006e87ffc1f5af8b6ba75e4b78e1e5d4534b037f96e6efb5d339045605809dd76bb70060fcf344f89bfbfd581700c69303c6a7ff209ded2dcf4901a00f42aa00703bfcf7bcfcb2b860ec04c20b2f2f9e0ae64f5e79d5f55d2fbb2a00ecbe5e3b0500e39f27c2bfc2d8edb7dc72e97fe3c97ee3d37fa5b6b7309ded112fdd02a0e340a4e600b819fe3bd73c2f468e3c97f0c2cbab376ad405c989a76eae18d8590190ceeb4d550030fe79c2f31badbd00485529f4d00a804a3adb5b5e3a0540678391ba0bc0adf0dff2ccb37242d61984175e417883878e16db9e5de3daa2411d0b80747f3eab0280f1cf135ec0c873b300f0a5ba46e0d70a809e74b6f73cbb0540578351aaed809d0e966f2d5f2906c54f23bcf00aca5305a92a4cdd5834482f009cfc7c5d15008c7f9ef0cc0c370b8072ab53ff3ea342300b80009ded4dcf4e01603518a55b00d8192cd5ca7efd5b47105e7805e9b5244e4b16a8d95e34c82c009cfe7c9d15008c7f9ef0ccb3f76601506115fe654675d05dbb5e40677bd44b5500a41a8cd22900ec7ef2efdf42f8e315b6a7ce4ebdb372555617c152bb0166f2f3752c0018ff3ce305b502c09f6ad29f5e0054d85e2588ce2e49cfaa00b03318d92d00ec84ffbbab56db5ee087f0c2cbb7a7160c7a6bf9f2acad8331eefc0919fd7c7a01c0f8e729cf2c000296796e7c5199768f20e1ef71afab02c0ee6069a700b013feef3fb73639c98ab0c12b266fc8b05162cbca67b2722becb8f3c667f4f3990500e39fe7bca0ad397c5a01e023fcf1ba2a00d2192c53150076c25fdd637dbadc918db0c12b466ff419e7894f5e7d35e3bb61f402c0d9cf9558c8f8e749cfdedd7b5a0140f8e3755a00a43b585a150076c25fadb276e9459711367845ed4dbb747ac677c3980580f39f2db188f10fcf0a7014fc7476e97a7a01e064b0ecaa00b03b3bfaf6193713367825e1cdbd6976461362d51c804c7ebe50a47531e31f5ed61f7476e97a6601e074b0ecac00b01bfecfcc5b286a9ada081bbc92f0d4eff2f30b173b9e13a3ee02c8e4e70b357ca10060fcc323fcf15216004b32192c3b160076c37ffbeae7443f9bb7fb113678c5e20d8c8d4c4e68757259ccce76c0563f9f560030fee111fe78a9bd70a465692683a55e00d80dff4fd7af17678ebe20ab83ef9972b3a0d75edf289e5bfb9258f0e85271db9df78929d3678ad1e74e1003b5e584092fef79ea9379cb90d162ccf993c4d4ab6e10b7dff58058b4f849b176dd2be28d4d9bc5b9e3a666f5e71b7bf6c59dee2098eafde1a400d07f2ea30060fcc323fcf1ec79b2005896c9e06b1600e9ac88a6ae9566331c264cb9467cf2c97e61f5d8bb779f78f5b50de289a79e16f73d385fccb871b6b878d27471fa988b445ff9a98d702d6eafbf5c9defb4b3c6890993af123367dd2e1e78788158fef4b3e2ed77b68afdfb0f58fe6e1c3870404cbafcbaacfe7c0fdd3a27ed3363e916001d7f36630e00e31f1ee18f67cfd30b002703af2a00d209ffb7963f2d1afa0ec95a38cc9c75a7f8ecb3cf2c07f84f3ffd547cfcf1c7e2a38f3e6a6feacfeaefcdc79e3d7bc546f96970c5336bc483f316899937cf11974cba4a8c1875a1681a389cb0ceb3d72c2f178d3c735cb2d8bbf1d6bbc5c3f31f152b9f7d5ebcf9d63bf2d8ed49797c533dd4efd0d5d7df9ab5d71bed37ac7dcf00bbef8f740a80ce7e3e751700e31f1ee18f67db330b00a703b9da0dd06ef8abd3a2a3ce383f6be1306bf6dc9403bb9df0b7f3d8b5fb23b15e5e627862f93362b6bcbc3051163e2d43ce20acb3ec0d39f55c31edea9be4599a05e229f9097ec31b6f8a8f3edee3faf1351fd7dd787bd65eef1859b01c9497bbecbe3fec16005dfd7ca9b60366fcf366f8dbbefb8fcef69ea7e6006432984f9b78b9edb5d0e7df31376b6173e575b7e42cfcadbcf5afbf21ee7960be3875f438c2dfa1a7e66ffcf56f8f896ddb77667c3c323dbeca9826e70964ebf5ce9b7d97edf7879d02c0ea78a45b0030fe95bc672efd6f7b91a04a3adb5b9e1c34166732985f36fe325b83dbee752fa69cf59fce35ff54837c2ec2bfa3b77ec3a6e4a7d7ba3e4308ff145e445e06baf2ba59f214fedbae1d0fa7deeeddbbc5a553afc9caebeddf3a5c6c7f76b5adbd022e3effd28c8e473a0500e39f27c2df67ab00d0f6130ed2d9def2e4c0312f93c1fca2f326d81adc664cbb2e2b613356ae1a986a52573ec25f7fecd8f99eb876e66ccb42c0abe1dfd077b0982127816eddfa6ece8e87136fd7ae5d62ecb82959e9bf19975f636baf80b3465f98e9f198c7f8876784bfb9df8f7501603c39607cfa0fd2d9def2e43a00733219dc860f3f2be5e0f6eeaa67455df3e08cc3e6f4b32f117bf6ee2de8f0d71f6a06fa45728958c2ff9031f1b2abe527fecd793b1ee97a1fcbb907a7d898b392aaffeafbb4891dabd7a45c20a845dec990d1f18826ee61fc23fc8d5d7ebb6b0580e5f6c07ee3d37fa5b6b7309ded114f0e26333319dcea9adbc4be57ac3742b952de9a9569d8a85bf5d427eb62097ffdf1d48a67c5c0c1677836fc634347891572425fa11c8f74bc2d5bb7893e3617acb2eabf19975f6bf91ef960ed0b9dae8a99def188cf60fcf3bce7375a7b0190aa52e8a115009574b6b7bc70347e61a683db738f3c96e2d37f5bc661a36ecf2bc6f0371f1fca53cae3264ef35cf85f36fd7ab163c7cea20c7ff3b172d573b696acb6ea3f75ebeb8e35cf75f93e79fcbe87333e1ee1c6c4f98c7f9ef602469e9b05802fd53502bf5600f4a4b3bde7d544da9a330d07ab1d01d5279f4cc36686bc35ab98c35ff7e6def75751db1c2ff9f08ff41d2a162c5c52f0c7c3ae77cbedf764dc7f375e39b3cbf7c9f80b27677c3c6431df97f1cfb39e99e16601506e75eadf675408660110a0b3bde9859bdafe6fa6e1d0d87f98f8e8c597be34a8ed79e9e5e4bf65123623e4c4a8fdfbf79744f89bed19b9804ddfd6534b36fc07b69d2ed6bdf872c984bfb95a6057b77adabe8c3568b8bc5cf6ca97de276a5f0c7d8e8cd3e3116e6afd25e39f273df3ecbd59005458857f99511d74d7ae17d0d91ef57ac562815024b13fd37050dbfa761cd81ebeedae8cc226daff64b1f9ed2d2515fea6a75e576cd8592517fe43e5423e6aa25f2985bff9d8f8e666512fcf6c64d27f0be6dcfba5f7c935f296c34c8f47a831f149bf7efdfc8c7f9ef4825a01e04f35e94f2f002a6caf12446797ac270b80659986835afa74abb1f4a9d94e193e26a3c172eefdf34a32fccd875af8a66df8d92513fea79c3e564e9adb5a92e16f3ed4464299f4df69a79df785f7c886654fb5cf91c9e478a8f730e39f673db3000858e6b9f14565da3d82843f9eba15f0826c8483ba8ff9e0fa43b7036e7c7245469efa74dcd5a9ff52087ff3f1eeb6ed7249e151451ffe836521b3654b6987bf7aa84da712a78cc9a8ffde7efa99e47b445d0e308be48c8f47347e2ee39f67bda0ad397c5a01e023fcf13e9f08d8faffb2150e57cb7bbdd5e076eb353765e42d59b6a2e4c3df7cbcb1e92d111d704ad1867fbfd8a9e28d8d6f967cf89bde12f9a93d93febbf3fa5b92fb625c2a17b5cad6f130afff33fe79d2b377f79e560010fe781dce02245ec9d6607483bcf56bf0d0d18e0737b5e04f673bfc9562f89b8f2757ac2acaf0af6d4ec8498dcf7926fc4def34b98db4d3fe3b597eea9f3e697ad68e87bcfeffaa7c0b7763fcc34b05380a7e3abbf43d7919e09c42099b752fbdeaa9f0371fd7ccbcade8eef3bff58e7b3c17feaaa9858d0ae778c4cf64fcc373ed416797bef79770f30faaa2b14ff21d36174eb8c293e1af1e7bf7ee13ad43cf2c9af01f7ec679e2c30f77792efc4defacb113f37e3cd4ecffdadaf8e18c7f78843f5e465ea87ed08df90e9b8e2bfe7925fccdc7b2a79e299ae58257ad7edeb3e1affebeabcb36393d1ed1f80cc63f3cc21f2f63afaa36f2b370b4e540bec246ad977ff0e0a79e0d7fd33be3ec8b0b3efc2f969b1c7939fcd543fdaec6869d99b7e3a1d6efe85dd3e768c63f3cc21f2f2b5e7534362d5f6173cb1df77a3efc95b3e6f975051dfe6ae2dfeb1b367a3afccdc79cb90fe5ef7834b45ccef88747f8e365cd6b6a1a16ac8e24dec947d8a89dd7bc1efe669b30e5ea82dd2be09aeb6f25fcb5dd02f313feb12dbd7a551fc9f88747f8e365d50b37b6d5e53a6cceb9700ae1af795bdfdd2e1afa0d2db8f06f1e748ad8b66d1be1af3d469d333ee7c7235437b091f10acfa6d98dcec14bcb9383cccc5c86cd43f31611fe1dbc59b3e716dc5e0177dffb10e1dfe1a196acce69f8d7b7dccc78856727f88d757f6c2f12544967e3a9476ded881e723ec0da5c85cd6baf6f24fc3b781f7fbc47aeb237b260c23f7ef2997229dc4f08ff0e8ff5f2773767c7a3a175ed9fc3bdbfc978856723fc7db60a006d3fe1209d8d673e420daddfab8ec4de757b7053cbe0eedab59bf0efc47b78fea305b35190ba4591f0fff243ad5ad9b1507327fc5bb69d186efc29e3159e8df037f7fbb12e008c27078c4fff413a1bef0b9702e41ae37252e02e3707b7b32f9844f877e11d3c78500c1d3936efe17fe6d8091c0f8bc745974e77fb93ffee93eafa1dc378856723fc2b8cdd7ecb2d97fe379eec373efd576a7b0bd3d9789f9f0988b61d6316016e0c6eb366df4df85b3cd4e248f9de28e895d736703c2c1eb3e7dcef72f8f73d9ef10acf86e7375a7b0190aa52e8a115009574365ea74540e3a05fab53906e84cd72b9a21ae16ffd38e7c2c9790bff49d366703c523c9e32f60670e3b47f554d9f3f325ee1d9f002469e9b05802fd53502bf5600f4a4b3f1acbcaaba3ebfa88ab4bc94edb0615199d48ff51b36899aa6b69c87bfba15f1dd6ddb391e29bc575e5d9ff5e3511519f4825a9d93f10acfe61cbe9e5a01506e75eadf675408660110a0b3f1ec786a0672a8bef5d66c86cdf61d3b087f1b8fa957dd90f38d826ebaf56e8e870d6ffbf61dd93d1e9141b732db1fcfa6679ebd370b800aabf02f33aa83eedaf5023a1b2f2dafba31d6106a8c6dc9346cd4b2b26aa21be19ffab16dfb4ed1d07748cec25fcd6cff48de8ac8f1b0e7350d3c39e3e351156dd9dabbbe7f33e3155e1a5e502b00fca926fde9054085ed5582e86cbc0e5e5d5decab72d09a26b7243de8346c06244e27fcd3f06ebce5ce9c6d14f490bc0591e361df8b0d1b9dc1f1881d90d7fba79f106e388af1052f4dcf2c000296796e7c5199768f20e18f97b157ddd8f6ddea68e23ab53779ba6173f2e9e711fe6978ea7249fff848d7c37fc8a9e7da3e3343f81ff2d4ef72da3bfac9f74c38129f595517fd29e30b9e432f686b0e9f5600f8087fbc6c7be1a69623c28d89ede984cd98f32711fe697a0ffef511d7370a5abe7235c7234deff43117a7751c6ae4a65ba1e8c06f31bee065e8d9bb7b4f2b00087f3c573c39b03d994ed8a45300103687bc03070e8853ce38dfb5f03ffb82c91c0f07dec833c7a57bdaff51c617bc9c794e839fcec6b3fb0837c6ef4d276c869d761e61e3c05bb57aad2be1af6e3554fb32703cd2f75a868c4a6fc25f43cb1cc617bc7c78740e9e2b9ebc0470453ab7aa35f41b965c4b9db049df3befe2a959df28e8b2e933097f07de3eb94992be4e83cd5bfd2e637cc123fcf14ac69367004e49f73ef52d5bb711360ebc8d9b36db0a9d748ab1ed3b7612fe0ebcae7604b43a1ebd1b069eccf88247f8e3958c57553ff0c474ef537f62f92ac2c6a137fdda9bb3b651d02db7df43f83bf4162c5a9af69998936afbfe0fe30b1ee18f57325eefde271e1e8eb6ec4be73ef559b3e712360ebdf7deff20b99d72a6e1df3f719ad8b3672fe1efd04b5588753c1ea186965d279df4977f647cc123fcf14aca0bd5b7dc96ce7dea679e37b128c261dfbe7de2a5975e124b962c11f3e6cd4bfef7b5d75e13bb77efceebcf77e7dc8732de2868de82c5790d57d5de7aeb2db17cf972f1e8a38f8aa54b978a575e79457c22afad174331a126b3a67326261469b996f1058ff0c72b394f2e65fabfe9cc86aeef3b343989aa10c3ffdd77df15975f7eb938fef8e3c537bff94df1f5af7f5d7ce31bdf48febfd97ef2931f8b582c26162c5890f6b2c6d978bdaaeff419e8e986bf0aaf83073fcd79b87ef0c10762eedcb962c08001e2073ff841b26f3bb66f7deb5ba257af5ee2eaabaf163b77ee2cc8f0ffe0c35d695f86a9696cfd37c617bc5c84bfedbbffe86cbc6c79e14862433a45c0736b5f2aa8f05761336ad4a86400e981d431fcd59ff57fffcffffc4ff1c0030fa4bcb321dbe1b5f4c9958e370a7afe8597731afeea8cc96db7dd267efdeb5f7fa9ffacda91471e29c68e1d2b3efcf0c3822a169f78ea99b4c25feea1f11ce30b5e0e3c73e97fdb8b0455d2d978d9f0ccdb01edb69be53c804209ff850b178a1ffff8c75f0aa054e1afb77efdfa89f7df7f3fa7a7ad274cb93aedf09f79f39c9c86ffa64d9b447d7d7dcafeb36a3ffff9cfc5b265cb0ae6f7e5ea19b7a63507231c4d5cccf8829783f0f7d92a00b4fd848374365e363cb937404d3a05c0f051e717c4607edd75d789c30e3b2ca3f0d7cf06bcf9e69b390b5775d662e49917da0eff0bc64febf492855b3fdfdab56bc5af7ef5ab8cc25fbf3470f3cd3717c465a2f8c967a5350743deba791ce30b9ecbe16feef7635d00184f0e189ffe8374365e36bceac6c1ff9ace7dd1d58d71f1f63befe475309f397366a761e324fccdf6cb5ffe526cddba3567d7acb76ddb2eceb96052ca3e9f38f55ab17ffffe9c85ff2bafbc9cfce49e8df0d78fc7ecd9b3f31afe9bdfde92f604ccdada41ffc8f882e762f85718bbfd965b2efd6f3cd96f7cfaafd4f616a6b3f132f6e43c808fd2b9356afe82c7f236983ffef8e39d065326e16f36358150856daeae59ab4ff50fcbad7c070e3ee34bfdad3ead3ebae4c99c9ef6df2177303ce69863b21efeaaa97901cf3efb6cdeee0e79e0af0bd3bdfb622be30b9e8b9edf68ed0540aa4aa187560054d2d978d9f2428df117d2991d3d7eca5579097f35a9ec673ffb992be16fb6891327e6fc9ab59ad9ffe2cbaf89058f2e150b1f5b265e796d43979313dd2c4ec68c19e34af89b9ebad4a26ed1ccc7ada1632f9a9aeedd174f32bee0b9e4058c3c370b005faa6b047ead00e84967e365d393bb9d2d4a677674d3a0e169df46978dc1fcc20b2f7435fc553beaa8a3926b06786d111d75ddff8823bee55af89b6dfaf4e9397fbd6ae1a4ba3e43d2bafb426d96c5f882e7826766b85900945b9dfaf7191582590004e86cbc6c7b7222e03de9ae50b7e6f917731a5eea5ef46f7ffbdbae86bfe9a9db0abdb682deb061c35c0f7fd5d45d1b76ce0264f3f52e7b2afd5b2fc3d1f84d8c2f7859f6ccb3f76601506115fe654675d05dbb5e4067e365dd9367006e4f7782d47537de9ed3f0bae1861b7212feaaa9c56ed4ad815e097f35f9b16371e546f89bedbefbeecbe9eb9d7cc5f5e9afbb104d5cc7f88297652fa81500fe5493fef402a0c2f62a4174365e9a9e9cd93f27dde5695b868ccee9223a35353539097fd37be491473cb376fedd77df9db3f057adb5b53567af572d51dc386058daeb2ec889b1d733bee065d9330b8080659e1b5f54a6dd2348f8e3b9e65547620f3a599ef65539592d17e175e0c081e4b5f95c85bffa7b35dfc02b1be79c75d659390b7fd58e3efae89cbddea7963f9376f81f9a039098cdf88297652f686b0e9f5600f8087f3cb7bd5024b1ccc9f2b437cfbe2727e1a526e5e532fc556b6a6af244f8abbf0f8542390b7fb375dc2fc0add77bf95533d30e7f630ec0df185ff0b2ecd9bb7b4f2b00087f3cd73db51f8093b5e9078f382727e165defb9fabf057edbffffbbf3d11feeaf19bdffc26a7e1af9abaebc0edd7bb6bd72ed1b77544dae19f6c91c4f38c2f7879f19c063f9d8d97eea3b9b9b1221c6d39e0e434a96a1b36bee57a783df4d083390d7fd554287a21fcd5e3dffffddf731afeaa3dfdf4d3aebfde152b573b0bff4305c02ec617bc7c7b740e9eab5e554dbfff701afeaadd76e77dae87d7fcf9f3721afeaafde10f7ff044f8ab87daed2f97e1afda9a356b5c7fbd575c73a3b3f0375a283ae028c6173cc21faf64bd70dda098d3f0576de8c8b1ae87d7ca952b731afeaa5557577b22fcd5e384134ec869f8abb679f366575fef871f1e3afdef34fc55ab6a18d8c0f88247f8e395ac178eb4dce0f834a9d15edfb0c9d5c17cfbf6ede2f0c30fcfe9ad6aa3478ff644f8abc7c9279f9cd3f0ffce77be2376efdeedeaeb5dfef4b31985bf7a3f841a5aa632bee011fe7825eb8523ad1b32097fd56eb8f90ed7c3eb4f7ffa534e6f559b3b77ae27c25f3d6eb9e5969c85bf6ab5b5b5aebfde2baeb929a3f04fb686d6358c2f78843f5e497a2755f7f98f4cc35f7d7deb9051ae8797daa42757e1afce36a89500bd10feeaf18edcdef9b0c30ecb49f8abafbfeaaaab5c7dbd6af19fe696119985ffa1f659efbae80f195ff0087fbc92f3429196f19986bfd9563ff782abe1b571e3c62e432adb9f5c070c18e099f0371f0d0d0d39097fb5a0d39b6fbee9eaeb5db1724d36c2ffd065b168eb48c617bc5c84bfedbbffe86cbc4cbd3ffff94f5f93b73abd958df057edaa1937bb1e5e6a09d95ccc56efb86f7da987bf7a2c5dba34277b2d8c1c39d2f5d73be9f2ebb213fe8796045ec7f882e7b2672efd6f7b91a04a3a1b2f13af26126bc856f8ab3620717a725f7b37c3eb8d37de10471e79a4abe11f8fc73d17fee643ad7ee866f8ab4d96d4991c375fef9ebd7b4543bf615909ffcff705881fcbf882e762f8fb6c1500da7ec2413a1bcfa9d7bf7f5f5fa831f65cd64e931afff6ec9a175c0faf6bafbdd6b5f0ffb77ffb37b163c70e4f86bf7aa85bf37ef4a31fbab6e8d2adb7deeafaeb7decf1a7b21afe465bcaf882e752f89bfbfd581700c69303c6a7ff209d8de7d40b47db06643bfc559b7ae50dae8797da81b0adad2debe17fc4114788152b567836fc4d6fc182bfc9b32c47643dfccf38e38c9cbcdef32fb93cdbe17fe8b94df130e30b5e96c3bfc2d8edb7dc72e97fe3c97ee3d37fa5b6b7309d8d975ef83727be2e77ffdb91edf0572ddaff64b177ef3ed7c36bfffefd62e0c081590b7f35316de1c2859e0f7fd352b740dab9d46237fc870e1d9a5c97dfedd7fbdefb1f88dae6c1590f7f6369e0b7eaea625f657cc1cb92e7375a7b0190aa52e8a115009574369e132fd49878d88df037dbe2a5cb73125e070f1e14e3c68dcb38fc7ff18b5f88d5ab5713fe1dbc279f7c52fcf4a73fcd28fcbff5adc3c5a5975e9a3473f17aef7ff81177c2bfbdc56e677cc1cb821730f2dc2c007ca9ae11f8b502a0279d8de7c4935b9c0e7633fc5553a76073195e8f3df69838e69863d20e7f75afff59679d25978cfd90f0efc27befbdf7c4881123d22aa8ccf03feeb8e36411f1444e5fef88d117ba18fe875a4d241e657cc1cbc03333dc2c00caad4efdfb8c0ac12c000274369e13afaa21fe6d794bd3476e867f72806c6a133bdfcbed223aeaf4f23df7dc23eaebeb532e19fcb39ffd4c9c7beeb962d3a64d9e9ded9faeb77efdfa64b1f4939ffcc4b26fd56583a6a646f1e0830f2697facde5eb7d63d35bae87ffa14b01b11dea321ae30b9e03cf3c7b6f16001556e15f665407ddb5eb0574369e234fcefa9fef76f89bed9efbe7e72dbc54f02c5ebc585c77dd75e2e28b2f16e79f7fbe983c79b29833678e78e9a597929308bdb6c84fb63cf5ef2fbcf082b8fdf6dbc5a44993927dabfa78c68c19c93914dbb66dcbdbcf77e3ad77bb1ffeedbb04c6ef647cc173e005b502c09f6ad29f5e0054d85e2588cec6ebe0c96b970db90a7fd5469e7511e18a9753af75e89939097fd3abaaed57c3f88297a667160001cb3c37bea84cbb4790f0c773e4d5d50dae9405c0dbb90a7fb37db86b37e1859713efadcd5b721afe87760a1cf4fab1c7f6fe3ae3155e1a5ed0d61c3ead00f011fe789978d58df18b721dfeaaad79fe45c20b2f27dee34f3c9dd3f0ffbc086819cb7885978667efee3dad0020fcf11c7b757d6247852289bdb90e7fd5e6fded31c20b2f279e9a7392ebf04f7a91c42e352190f10a2fab9ed3e0a7b3f1bef8e93f312b1fe1afbefefe87fe4678e1e5c4bbe3ee07731ffee6bf47e3d319aff0dcf2e81c3c475e4d64f0d1a148ecd37c84bf6a0b163d4e78e1e5c47b70dea2fc84bfba232092d85fdbdcf21dc62b3cc21faf60bcea68e2ae7c85bf6a2fbefc0ae18597134fcd37c947f87fbe5b60e246c62b3cc21faf203cf5e95f0e4c9fe52bfc07b69d96b3e55ff1f0d4fe13d1fe43f312fec9b3008d8983d58d6ddf65bcc223fcf1f2ee851b13b3f315feaacd9e733fe1859753ef9aeb6fcd4bf87f7e16207e2de3151ee18f97574f2df97be813497ec27ff0f0b36ded084878e165d3dbfaee3679e6e9f4bc84bfb151d03eb9e6c63718aff0087fbcbc79f2daff947c85bf1a80df7e672be1859717efc5975e117d6323f310fec6d73726ce67bcc2cb20d3bbd139788ebde6e6e69ef2d3ff07f908ffb1e3a6881d3bdf27bcf0f2ea6dd9ba4d9c79dec49c87bfb151d0bb757575dd19aff0d20d7e63dd1fdb8b0455d2d9785fbaf61f4db4e432fc9b079e2c264cbe4a3cfdcc1ac20baf603cb5e1d3ca679f17e3a75c2d1a079e92d375306a22b146c62bbc34c3df67ab00d0f6130ed2d9785f3afddf985891adc16de0e033c4b4ab6f127f952bfa3df3ec5a795bdf6be2b9b52f8a27973f23fffc9cd8f0c6a69c6ff98a8797aea7feed9d2def8a175e7c55ac5af38278fe859793bfcb4faf7a4edcfff02362e265578be696e1592b8eab1a5a96305ee1a511fee67e3fd60580f1e480f1e93f4867e3e98f5043db8fb311feeaf4e9aad56bbfb46d2e618357aade871f7e28162d7e420c3ffdbc6c9c19fbecc470e34f19aff06c847f85b1db6fb9e5d2ffc693fdc6a7ff4a6d6f613a1bcff8f4ffc54d7fd20dffa681c3c5638f3f4538e079d63b78f0a07868fea3a2a1dfd08ce61054350cba80f10a2f85e7375a7b0190aa52e8a11500957436de17aeff4762af390dff0189d3c5c64d9b09073c3cf95097089a060d773c81b02adab296f10acfc20b18796e1600be54d708fc5a01d093cec6d31f558dad3f751afe91fec3e4f5fc3709073c3cedb176dd2ba2aecf60c713086b9b077f9ff10aaf8b397c3db502a0dcead4bfcfa810cc02204067e37de9f47f343ec6e935ffbf2e584c38e0e175f2b873ee4319ec12183b95f10aaf83679ebd370b800aabf02f33aa83eedaf5023a1befcb13002389654ec27fc4e80bbf34d98f70c0c33bf43870e080889f7c96d35b0717305ee175f0825a01e04f35e94f2f002a6caf1244677bca3ba96f9faf86a32d079cdceab7f489a709073c3c8bc7c37252a093bb6b6451bef7f8e38755305ee175b86bafd23893df2dd5179569f70812fe789d7aa1ba016127e1dfdc3242ecdf7f8070c0c3b378ecfee86351df77a8c3bb6b627f60bcc2eb60f5b4bbe04f99310780f0c7ebd20b455a263859c464d2e5d7110e7878361e632f9aea6882ad5c997314e3159ed6ecddbda71500843f9ea5176e6859e0640533756a9370c0c34bfdb8e3ee079d6d11dc18bb9bf10a2f6dcf69f0d3d9def3aa22adef3859be542d8d4a38e0e1a5f6962c7bcae95e01eb19aff0d82218cf9df0afaa3bc2e9dae5db77ec241cf0f06c78eb5e7cd9e95e019ff5ebd7cfcf788547f8e365dd3ba9aeff1f9cae5bbe77ef3ec2010fcf86f7d6e6cd8e370aaa890c3e9af10a8ff0c7cbba178ab6d638dab2b4a98d70c0c3b3e96d7d779be35d02438d891318aff0087fbcac7be1687cb0b3330071c2010fcfa6b77dc70ec73b04d634c607315ee111fe7859f7e40073b6d35dcbde7fff03c2010fcf86b7f3bdf71d1700a1c8a0318c5778843f5ed63df9497ebcd32d4bdfddb69d70c0c3b3e16d7d77bba3f057ef3359004c60bcc2b36976a373f06c7bd5d1c414a75b966e7e7b0be1808767c3dbf4d6dbc2e999b65043cb54c62bbc54c16facfb637b91a04a3a1b4f1600973a097fd5ded8f816e1808767c3535b033b3dd326cf004c62bcc24b11fe3e5b0580b69f7090cec69397002e70ba5ff9aad56b09073c3c1bdee2a5cb85d3336de148cb858c577816e16feef7635d00184f0e189ffe8374369e3c0330dae97ee50b162d251cf0f06c7873ef9f279c9e69ab8eb68e64bcc2eb22cf2b8cdd7ecb2d97fe379eec373efd576a7b0bd3d91ef6aaa3f1539c84bf6ab7cdb99f70c0c3b3e15d3b73b6707aa64d16e96d8c57789d787ea3b51700a92a851e5a01504967e3d53425fa39097fd5c64fbe9a70c0c3b3e18d397f92707aa64dee081861bcc2ebe0058c3c370b005faa6b047ead00e84967e31d9a03d0f62727e1af5adbf0b309073c3c1b5ed3a0e1c2e9993659a4ff9ef10aafc31cbe9e5a01506e75eadf675408660110a0b3f13ebf0410fb9193f0379703deb3772fe1808767f1d8b67da7e3f057adb6b9e53b8c5778dadd7b955a01506115fe654675d05dbb5e4067e3b53feaea06573a097fb33dffc2cb84031e9ec5e389a79e711cfe6a37c0e38f1f56c17885a7cddb330b007faa497f7a0150617b95203adb535e7524b6c349f8ab36bb93898084031e9ef50440fbefb7d8db8c57781deedaab34cee4774bf54565da3d82843f5ea75e28d2fab893f057edacf32e251cf0f02c1e43478e154e2fb3c9368ff10aaf83d5d3ee823f65c61c00c21faf4b2fdc30e81a27e1af5a5d9f2162efde7d84031e5e278f9def7d9049f8ab3b0026305ee169cddedd7b5a0140f8e3597aa18601439d84bfd9963db59270c0c3ebe4316fc16291c91c1bb95d7713e3155eda9ed3e0a7b3bde7f5aaedf75f4ec35fb54ba75e4b38e0e175f23877dc14c7e19fdc0ab8a1edc78c57786c118ce79a77e289c7ff839c08f89ed30220d26fa83cd5f91ee18087a73d3ef87097bc856fb0e3f0976d2be3151ee18fe7ba571d49dce774bf72d5162c5c4238e0e1698f07ffba3093f017a168e20ec62b3cc21fcf75cf6a4f003b8b988c3ee712c2010f4ff3868c38c771f81bd7ffe38c5778843f9eeb5e4d64f0d14ec3df6c6fbef536e1808727bf6ed5eae7330aff43d7ff5bbfc7788547f8e3e5c40b47622f3bdeb254fefd8c9bee201cf0f0e4d74f987c5566e1df187b8ef10a8ff0c7cb9957dd18bfc8f196a56a3260ff61c9894f84039e97bdd7376c94fb64c44526b7d6ca7636e3159e03b31b9d83e7c8ab89247ee134fccd76cb1df7120e789ef6a65e3933d3f017358db11f335ee1a513fcc6ba3fb61709aaa4b3f1ec5e06b03b9b596d7bbafba38f09073c4f7a9bdedc2c6ffd4b6414fed5d1c41ac62bbc34c3df67ab00d0f6130ed2d9785fbe0c9018e97ce392436dd6ecb984039e27bd2957ccc82cfc65abaa1f782ae3155e1ae16feef7635d00184f0e189ffe8374365ec747a8cf907f923b90edcb64f9d206b930d0d677b7130e59f4d4d7bcf9e69be291471e11d75f7fbd183ffe12317af428118fc7457373b3884422a2baba5af4eedd3bd9d4ff37343424ffadadad4d8c1933464c9a3449dc72cb2d62d9b26562f3e6cde2c081031c8f2c7aeb5e7c59fefec7330aff5043ece3aaaaba2318aff06c867f85b1db6fb9e5d2ffc693fdc6a7ff4a6d6f613a1bafe359805b3359be54b549975f473864e07df6d96762eddab562e2c489a2b6b6567cf7bbdf15dff8c637c437bff9cdf6a6fefcf5af7fdd71fbe10f7f20eaebebe5f7982056af5ecdf1c8d01b73fec48cc23ff91e8b0c9ac5788567d3f31badbd00485529f4d00a804a3a1bafd379008df1df6612fe667b6eed4b84439adefefdfbc56db7dd267efbdbdf7e21acb31dfe9d79c71c738c9833674ef2cc00c7233defd1c5cb320f7fd97ad7f7f91de3159e0d2f60e4b95900f8525d23f06b05404f3a1bcfcaabaa6f793c93f057ad6df8d962cfdebd84bf4defe5975f4e86b09db0ce76f8ebff7edc71c789d75f7f9df0b7e96ddbb64d0c489c9e71f887232df319aff06ccee1eba91500e556a7fe7d4685601600013a1b2f95176ae8d73bd35b9954bbfea6db097f9be1ff831ffc20efe16fb6a38f3e5a6cd8b081f0b7e15d7ed58d9987bf6c27d5f63d96f10a2f85679ebd370b800aabf02f33aa83eedaf5023a1bcf96178ab6aeccf4b4a65a1065f59a1708ff145f7becb1c7164cf89b2d140a25e72210fe5d7b2b573d9f95f05767dc18aff06c7841ad00f0a79af4a7170015b65709a2b3f1e49fe5fdc8c76563706b1d324aecd8b183f0efe2b16ad5aa820b7fb3bdfaeaab847f17decef7de17fde3a765fcfe385400f43b8ef10acf8667160001cb3c37bea84cbb4790f0c74bdb0b35261ece747053edd2a9d712fe5d3c66cd9a5590e1afda7df7dd47f877e21d3c78508cbde8b2ac847f2832e83ec62b3c9b5ed0d61c3ead00f011fe784ebd5043db8fe5ba000732097ff3dfe62d584cf8a728000a29fc3b160084ffe7de9cb90f65e7937f34f64955fda0ffc3788567d3b377f79e560010fe78197972e0ba32d3f057adaecf10b1eea55709ff0e8f279e78a220c35fb5175e7881f0efe0ad58b946ce6d6913d93833561d8d5fc678859775cf69f0d3d9781d1f55fd4ef907b93de9964c370a52ad7fe234b16dfb4ec25f7becdbb72f790740a185ffcf7ffef3e46b22fc3ff736bdf5b6681c784a76c2bf31f666ef8103ff9ef10acf4d8fcec1cbd80b37c56b330d7fb38d187da11c50f710fe9a376ad4a8820a7fd5d42a8484ffe7defbef7f2812a79c9da5f0579bfec4ffc2f88247f8e31585275708bc37d3f037db39174e4eae7a47f81ff2d46cfba38e3aaa60c2ff7bdffb5ef2ce0dc2ff90b767cf5e31f2cc71590bff50347e1be30b1ee18f57345eefc890c3e55d013b330d7fb34d98724dfb60cd27cd8fc4b871e30a22fc55bbeaaaab087fc3dbbfff802c58a7642ffce5e5b45ed1d83f33bee011fe7845e55547db42d9087fb35d71cdace42d5584cdc7f253e61ef1fbdfff3eefe17fc20927880f3ffc90f0977faff645b864d255d93beddf98f82c1c891fcbf88247f8e315a527d72c9f918df0379bda437df7eedd2c172c1febd6ad4b5e0ac857f87ffffbdf172fbef822e16f84ffc5d90d7f212fa34d647cc123fcf18ad63be9a4bf1c166e685d978df06f5f28e8f26b924500cb050b71d75d77e525fc0f3bec30f1d0430f12fec669ff8b2e9d9ed5f09793fe9e8ec562e58c2f786e85bfedbbffe86cbc4cbcde354dbf9445c007d9087fb35d3c69babc25ee13560c948f4b2eb924a7e1afdaf4e9d3097f35e14fee6039f6a2a9590dff50637c5b5d9fd8518c2f782e79e6d2ffb61709aaa4b3f132f16a1a13c7cb498107b311fee66079f60593c5475ddc22e8a57503d4263cc3870fcf59f88f1d7b2ee16fdcea97cdd9fec9f08f24f6d734257ecff882e762f8fb6c1500da7ec2413a1b2f53af3a1a3b35aba749653be58cf3c5f61def797ec5403539b2b5b5d5f5f03ff5d453998321fffeed77b6cafbfcc7886cff3e87a3f138e30b9e8be16feef7635d00184f0e189ffe8374365e36bceac6f88c6c0d96661bd8768678f995d73dbf62a09a88a61701d90eff112346885dbb76793efc9f955b56f7691991f5f0976d1ae30b9e8be15f61ecf65b6eb9f4bff164bff1e9bf52db5b98cec6cbc8ababab2b936702eecf56f89badbeef50f1c8a3cb3cbf62a03a13a02e07643bfcc78c19c3277ff9f7f73db8207b6bfbebffde98b873ecd8b15f617cc173c9f31badbd00485529f4d00a804a3a1b2f5b5e6ded881e72d05b9aadf0d7dbb533672767657b79c540659c7beeb9590bffc993277b3efc3f926dca15d78b6cce61f9fcba7ffc11591877677cc173c90b18796e1600be54d708fc5a01d093cec6cbb6676c1af45c36c3df6c6a6296ba46ebf51503d50a7daa00701afc871f7eb8b8e5969b3d3fe1eff50d9bc49053cf7525fce5263fcfd8dde487f105cf816766b85900945b9dfaf7191582590004e86c3cb7bcdada61ffa21701d95a315035b50bdbfc47167b3ebce6cd9b27befded6fa71dfe6ac7c1458b1679beff1e9effa868e837d49d4ffe8d89952736b67d8df100cf25cf3c7b6f16001556e15f665407ddb5eb0574369eab5ea8cf907faa8ec4576733fcf5c1f762b940cb962d5b3dbf62e0af7ef52bdbe1ffbbdffd2ef9355e0eff37e556bee75d3c356beb5674f2fbbc429d05633cc073d10b6a05803fd5a43fbd00a8b0bd4a109d8d97a177d24935ff2a170a5a93edf0375bdfd808f1c4f2673cbd68d0ce9d3b454d4d4dcaf0efdfbfbf78f7ddad9e0eff87e72d124d8386bb17fe91d8534d4dc3828c07782e7b660110b0cc73e38bcab47b04097fbc9c7abd7a551f196a685d9aedf0d7bd8953af153bdf7bdfb38b06a93b042ebae8a24e835fcd1598366dda172caf85ffeb1b368a73e5d6d36efdfe19bbfbcdafab1b5cc9788097032f686b0e9f5600f8087fbc7c79c71e5bf5cf720394392e9e764dce0d78e0e14764187eead97503d4b5fd1ffde847ede1fff39fff5c3cf9e4939e9d30f9fefbef8b9b67df2d6f251dec6af8cb36cbeefafe8c077859f0ecddbda71500843f5ebebd6ef29ee8a96e84bfde468cba50ac5df78a67d70dd8b2658b90b79e897efdfa252f0f7835fc1f7f62b9489c7ca670f3ccd3a1161fcf788057909ed3e0a7b3f1dcf2e46e6843e52d5207dc087fbd5d7ce995e2adcd5b3cb96e80fa1a7559c08be1bff68517c55963c7bb32e7e48b1bfb243e0947132d8c0778c5e0d1397805e35537b6fdb71c44b7bb15fe66ab6d1e2cae99799bd8b1f37d4faf1be005ef8d8d6f8a4b2fbb5a7d22773dfc65db5ad3d0f65bc6033cc21f0fcf8157d510ff767534b1c6adf0ffe272c243c435336e916704de265c4bccdbb2759b983afd7a59ecc5855b779b74f8e4bf32dcd47204e3011ee18f879781d72b160bc8c175a69be1af3bf57d068babafbf456cdbbe93702d72ef9d2def8a2bae9925833fe1daef4b27de95726e859ff72f1ee18f8797254f0eac8dd591c42e37c35ff7ea642170d9f499e2f5373611ae45e6bdf8f26b62fce4ab931bf7e4eaf7457eeaff409eadaae1fd8b47f8e3e1b9e055d5f5fdf77064d0ea1c7d926b6fe75c3845ac58b9c6328808ebfc7a6a13a8c79f785a9c71f625393953a47bf2ce95e5ea7215ef5f3cc21f0fcfd545834ef8e750a4654238da722017e1afb79621a3c5ed773f28b6ef788fb02e104f5ddf9f75db5cd13f7e9ac8d56522b3a959fef28e9531c71c33d6c7fb17af98c2dff6dd7f74365e217ad50db15f75b6a3a0dbb70e9a770e8c9b385d2c7d72a5d8bb771f619d636fcfdebde2d1254f8ab1175d963ccdeff604d14ebd6862555563eb4f79ffe21599672efd6f7b91a04a3a1baf103db58fbabca5eb82e427b11c85ff975617ec3f4c4c9e769d58f1f4b362d7ae5d84b54b9e5ab3e09967d78a29575c2f22b2cf73757c3b5a550db1bdf277ee9c743ff5f3fec52b90f0f7d92a00b4fd848374365e217bb54d891fca055716e63afcbfb4f150cb7039ebfc26b1f2d9e793d7a409ffccbc7d9f7c229e9285d5d42b6f10cd2d2344be8f6fb8a1654155fda0ffc3fb17af48c3dfdcefc7ba00309e1c303efd07e96cbc62f06a22f1a8bc53e09dbc844307af69e0f0e406440b1e5d2ae70cec24fc6d7aea9afebc058bc52593aeb2fca49fdbe33b6873ef86fe4dbcdff08a38fc2b8cdd7ecb2d97fe379eec373efd576a7b0bd3d97805efa9ad56e5a64297842289bdf90affcedab0d3ce13336f9e23563cb346ecdafd11e16f586fbff38e78ecf12792ab310e1e718ec8c79c8eae3cb943e5c7a18641e37bf7eef50dde6f7845ecf98dd65e00a4aa147a680540259d8d576c5e5d9fd851a168eb2d7220ff2cdfe1dfb1a9896b279f7ebe5c70e856b160e1e3e2b5f51bc4eeddbb4b3efc0f1c38205e7df575f909ff51b9c6c2f5a2ed94b30ae27874f4aaa2b183f276d359bdaaeb7fc8fb0dafc8bd8091e76601e04b758dc0af15003de96cbc62f67ad735ff21d4d0b2a850c2bf2b4f4d263c73ec0471c32d778925cb56880d6fbc293ef9647fd186bfba3b62fdeb1b93b3f5af9f7567f2b545fa0e1585568c7dc9ab1f34ffa4fa3effc9fb0daf043c33c3cd02a0dcead4bfcfa810cc02204067e3958a5755dfefb85024beb010c3bf2b4f9d29681b7e7672d74275afbbba36be6af55ab95fc13b62dfbe7d790f7f753bdec637378b95ab9e130fcf7f54dc202f715c38e10a111b76d6976ecf2b84cb30965ea4657e554d9f3ff27ec32b11cf3c7b6f16001556e15f665407ddb5eb0574365ec979f216aedfc942e091420f7f3bad5f6ca438e58cf3c4d9175c2a26ca5deeae9597146e9f739fb8ffa1bfc9ebea4f25e71bac5df74af293b80aeacd6f6f494eb253fb1cec7cef836453ffaffe4e6d8bbc71d366f1eafa37c4d3f2eb962c7d4acc5ff098b8f7817962f69df7891937dd216f77bc3eb92ae2c9a79f27fab69e5af4fd672ce1fbd7def5fdffc8fb03afc4bca05600f8534dfad30b800adbab04d1d97845ea859b5a7f2997709d5ddd183b50ace185e7cc53eb468423891b7b4707fd9cf7075e897a660110b0cc73e38bcab47b04097f3ccf78550d6d4786a2f149e148ec43c2b5c4bd48ec3db95ec4c5b2f8fb26ef0fbc12f782b6e6f06905808ff0c7f3aad77be0c0bf974b0b27aa23f1d5846bc9792b6a9a1203d5d6d2bc3ff03ce2d9bb7b4f2b00087f3c3cf975a1da3eff13aa6fb9ad2adab297702d4e4f1673bbc391f8b53591c42f787fe0e1750d380a7e3a1bafd4bdaaaaba23e4fde083e5a4c1c74291d8a7846b617bf2dafe4119fcf36b226dcdf2d193df673c3c971e74369e97bc7053cb11f20e8233d2d98190b0ce95177b46aefe38a2ae6ef037f87dc6c323fcf1f05cf3e412b1df93dbc19e2ec3e749d93e23ac73eba9b33172a9e725e1a6c4f0eac6c1ffcaef331e1ee18f879773af7764c8e1c9c983d1d8fdeaba3361ed8e274fef7f20377a9a2b67f1b7849b135fe7f70f0f8ff0c7c32b18afb9b9b1a277dd8013e4d2c393c30dad6baa1a5a3e25fc9d796a3dfe50a4756528d232beba3ef15f75757565fcfee1e111fe787845e1fda53a7a64b8217192b13be132b5000de1dfc5043eb97ba35c8e77a9dc7d6f62a86140f8f870d511fcfee1e111fe787825e1f5ebd7cf1f8ac6feab3a1a3f45fef7663979edc5aeee2e28e5f057b3f5e5e9fce7d56a7cb22f86ca02e9b7279c70dc3ff1fb8287979bf0b77df71f9d8d87e79e2767ae571e2a0a126d321ca7c96bdc8bc20db12d2513fe91c45bf2bf0be4b2cb53ab1bdb6272e2de6f6a6b47f4e0f7050f2f2f9eb9f4bfed45822ae96c3cbcdc7abd7a551fd9bbbedf9fc2750307ca330567a9456dc2d1f8df6498be22271bee2998f08fc4f6c8f6b2baff5efefb35b290192d8b98885c5ef93f9a9a860539be78780515fe3e5b0580b69f7090cec6c32b2c4f2d5d5cdb3cf8fbc9dd0d1b63d5c61984b3e5e9f4892a88e57f6f0f370c9a5755dffa44b8a165555564d073f21afb3a15d6f2dfd787a2894daa25ffbf31f192bc8b61ad749e55cbe64a73b1fcc4fe800cf1dba47bb50cf409f2efcea96a1830bcaaa17f53a8a6ff71bdc2d17fefd5abe69b1c0f3cbca2097f73bf1feb02c07872c0f8f41fa4b3f1f0f0f0f0f08a36fc2b8cdd7ecb2d97fe379eec373efd576a7b0bd3d9787878787878c5e5f98dd65e00a4aa147a680540259d8d878787878757745ec0c873b300f0a5ba46e0d70a809e74361e1e1e1e1e5ed17966869b0540b9d5a97f9f512198054080cec6c3c3c3c3c32b3acf3c7b6f16001556e15f665407ddb5eb0574361e1e1e1e1e5ef17941ad00f0a79af4a7170015b65709a2b3f1f0f0f0f0f00acd330b8080659e1b5f54a6dd2348f8e3e1e1e1e1e115af17b435874f2b007c843f1e1e1e1e1e5ed17bf6eeded30a00c21f0f0f0f0f0fcf2b9ed3e0a7b3f1f0f0f0f0f04ac3a373f0f0f0f0f0f0087f3a070f0f0f0f0f8ff0a7b3f1f0f0f0f0f0087f3a1b0f0f0f0f0f8ff0c7c3c3c3c3c3c323fcf1f0f0f0f0f0f00a31fc6ddffd4767e3e1e1e1e1e19584672efd6f7b91a04a3a1b0f0f0f0f0fafe8c3df67ab00d0f6130ed2d9787878787878451dfee67e3fd60580f1e480f1e93f4867e3e1e1e1e1e1156df85718bbfd965b2efd6f3cd96f7cfaafd4f616a6b3f1f0f0f0f0f08acbf31badbd00485529f4d00a804a3a1b0f0f0f0f0fafe8bc8091e76601e04b758dc0af15003de96c3c3c3c3c3cbca2f3cc0c370b8072ab53ff3ea342300b80009d8d878787878757749e79f6de2c002aacc2bfcca80eba6bd70be86c3c3c3c3c3cbce2f3825a01e04f35e94f2f002a6caf124467e3e1e1e1e1e1159a67160001cb3c37bea84cbb4790f0c7c3c3c3c3c32b5e2f686b0e9f5600f8087f3c3c3c3c3cbca2f7ecddbda71500843f1e1e1e1e1e9e573ca7c14f67e3e1e1e1e1e1958647e7e0e1e1e1e1e111fe740e1e1e1e1e1e1ee14f67e3e1e1e1e1e111fe74361e1e1e1e1e1ee18f87878787878747f8e3e1e1e1e1e1e11562f8dbbefb8fcec6c3c3c3c3c32b09cf5cfadff622419574361e1e1e1e1e5ed187bfcf5601a0ed271ca4b3f1f0f0f0f0f08a3afccdfd7eac0b00e3c901e3d37f90cec6c3c3c3c3c32bdaf0af3076fb2db75cfadf78b2dff8f45fa9ed2d4c67e3e1e1e1e1e11597e7375a7b0190aa52e8a115009574361e1e1e1e1e5ed1790123cfcd02c097ea1a815f2b007ad2d978787878787845e799196e1600e556a7fe7d4685601600013a1b0f0f0f0f0fafe83cf3ecbd59005458857f99511d74d7ae17d0d9787878787878c5e705b502c09f6ad29f5e0054d85e2588cec6c3c3c3c3c32b34cf2c000296796e7c5199768f20e18f878787878757bc5ed0d61c3ead00f011fe78787878787845efd9bb7b4f2b00087f3c3c3c3c3c3caf784e839fcec6c3c3c3c3c32b0d8fcec1c3c3c3c3c323fce91c3c3c3c3c3c3cc29fcec6c3c3c3c3c323fce96c3c3c3c3c3c3cc21f0f0f0f0f0f0f8ff0c7c3c3c3c3c3c32bc4f0b77df71f9d8d878787878757129eb9f4bfed45822ae96c3c3c3c3c3cbca20f7f9fad0240db4f384867e3e1e1e1e1e11575f89bfbfd581700c69303c6a7ff209d8d878787878757b4e15f61ecf65b6eb9f4bff164bff1e9bf52db5b98cec6c3c3c3c3c32b2ecf6fb4f6022055a5d0432b002ae96c3c3c3c3c3cbca2f302469e9b05802fd53502bf5600f4a4b3f1f0f0f0f0f08ace3333dc2c00caad4efdfb8c0ac12c000274361e1e1e1e1e5ed179e6d97bb300a8b00aff32a33ae8ae5d2fa0b3f1f0f0f0f0f08acf0b6a05803fd5a43fbd00a8b0bd4a109d8d878787878757689e5900042cf3dcf8a232ed1e41c21f0f0f0f0f0faf78bda0ad397c5a01e023fcf1f0f0f0f0f08adeb377f79e560010fe7878787878785ef19c063f9d8d8787878787571a1e9d83878787878747f8d339787878787878843f9d8d878787878747f8d3d9787878787878843f1e1e1e1e1e1e1ee18f8787878787875788e16ffbee3f3a1b0f0f0f0f0faf243c73e97fdb8b0455d2d9787878787878451ffe3e5b0580b69f7090cec6c3c3c3c3c32beaf037f7fbb12e008c27078c4fff413a1b0f0f0f0f0faf68c3bfc2d8edb7dc72e97fe3c97ee3d37fa5b6b7309d8d8787878787575c9edf68ed0540aa4aa187560054d2d978787878787845e7058c3c370b005faa6b047ead00e84967e3e1e1e1e1e1159d6766b85900945b9dfaf7191582590004e86c3c3c3c3c3cbca2f3ccb3f76601506115fe654675d05dbb5e4067e3e1e1e1e1e1159f17d40a007faa497f7a0150617b95203a1b0f0f0f0f0fafd03cb3000858e6b9f14565da3d82843f1e1e1e1e1e5ef17a415b73f8b402c047f8e3e1e1e1e1e115bd67efee3dad0020fcf1f0f0f0f0f0bce2390d7e3a1b0f0f0f0f0faf343c3a070f0f0f0f0f8ff0a773f0f0f0f0f0f0087f3a1b0f0f0f0f0f8ff0a7b3f1f0f0f0f0f0087f3c3c3c3c3c3c3cc21f0f0f0f0f0f0faf10c3dff6dd7f74361e1e1e1e1e5e4978e6d2ffb61709aaa4b3f1f0f0f0f0f08a3efc7db60a006d3fe1209d8d878787878757d4e16feef7635d00184f0e189ffe8374361e1e1e1e1e5ed1867f85b1db6fb9e5d2ffc693fdc6a7ff4a6d6f613a1b0f0f0f0f0fafb83cbfd1da0b805495420fad00a8a4b3f1f0f0f0f0f08ace0b18796e1600be54d708fc5a01d093cec6c3c3c3c3c32b3acfcc70b30028b73af5ef332a04b30008d0d978787878787845e79967efcd02a0c22afccb8ceaa0bb76bd80cec6c3c3c3c3c32b3e2fa81500fe5493fef402a0c2f62a4174361e1e1e1e1e5ea179660110b0cc73e38bcab47b04097f3c3c3c3c3cbce2f582b6e6f06905808ff0c7c3c3c3c3c32b7acfdedd7b5a0140f8e3e1e1e1e1e179c5731afc74361e1e1e1e1e5e6978740e1e1e1e1e1e1ee14fe7e0e1e1e1e1e111fe5ffce6fa1e01c12c2c178c8787878787879743cfc937d7f708a8ccc272c17878787878787839f49c7cf380b6be70cf2c2c178c87878787878797432fdd6fde4ddb23a087b6b940373c3c3c3c3c3cbce2f04c339d6f5ea1ed11e0cf70b9603c3c3c3c3c3cbcfc7865761709eaa6ed1160b6f20cbf391e1e1e1e1e1e5eee3d9fad02407b72b9d67c59f8e678787878787878f9f16c1500651ddbdf65f0c0c3c3c3c3c3c32b08af5baa6ae12b5aeb96e137c7c3c3c3c3c3c32b10efff037e5e2e8244616d780000000049454e44ae426082),
(2, 'b', '92eb5ffee6ae2fec3ad71c777531578f', '', ''),
(3, 'c', '4a8a08f09d37b73795649038408b5f33', '', ''),
(4, 'd', '8277e0910d750195b448797616e091ad', '', ''),
(5, 'e', 'e1671797c52e15f763380b45e841ec32', '', ''),
(6, 'f', '8fa14cdd754f91cc6554c9e71929cce7', '', ''),
(7, 'g', 'b2f5ff47436671b6e533d8dc3614845d', '', ''),
(8, 'h', '2510c39011c5be704182423e3a695e91', '', ''),
(9, 'i', '865c0c0b4ab0e063e5caa3387c1a8741', '', ''),
(10, 'j', '363b122c528f54df4a0446b6bab05515', '', '');

-- --------------------------------------------------------

--
-- Table structure for table `user_courses`
--

CREATE TABLE `user_courses` (
  `id` int(11) NOT NULL,
  `userId` int(20) NOT NULL,
  `courseId` int(20) NOT NULL
) ENGINE=InnoDB DEFAULT CHARSET=latin1 ROW_FORMAT=COMPACT;

--
-- Dumping data for table `user_courses`
--

INSERT INTO `user_courses` (`id`, `userId`, `courseId`) VALUES
(1, 1, 2),
(2, 2, 2),
(3, 2, 6),
(4, 3, 2),
(5, 3, 6),
(6, 4, 6),
(7, 5, 6),
(8, 6, 6),
(9, 7, 6),
(10, 8, 6),
(11, 9, 6),
(12, 10, 6);

--
-- Indexes for dumped tables
--

--
-- Indexes for table `assignments`
--
ALTER TABLE `assignments`
  ADD PRIMARY KEY (`assignmentId`);

--
-- Indexes for table `courses`
--
ALTER TABLE `courses`
  ADD PRIMARY KEY (`courseId`);

--
-- Indexes for table `course_assignments`
--
ALTER TABLE `course_assignments`
  ADD PRIMARY KEY (`id`),
  ADD KEY `courseId` (`courseId`),
  ADD KEY `assignmentId` (`assignmentId`);

--
-- Indexes for table `grades`
--
ALTER TABLE `grades`
  ADD PRIMARY KEY (`id`),
  ADD KEY `userId` (`userId`),
  ADD KEY `assignmentId` (`assignmentId`);

--
-- Indexes for table `users`
--
ALTER TABLE `users`
  ADD PRIMARY KEY (`userId`);

--
-- Indexes for table `user_courses`
--
ALTER TABLE `user_courses`
  ADD PRIMARY KEY (`id`),
  ADD KEY `userId` (`userId`),
  ADD KEY `courseId` (`courseId`);

--
-- AUTO_INCREMENT for dumped tables
--

--
-- AUTO_INCREMENT for table `assignments`
--
ALTER TABLE `assignments`
  MODIFY `assignmentId` int(20) NOT NULL AUTO_INCREMENT, AUTO_INCREMENT=6;
--
-- AUTO_INCREMENT for table `courses`
--
ALTER TABLE `courses`
  MODIFY `courseId` int(20) NOT NULL AUTO_INCREMENT, AUTO_INCREMENT=7;
--
-- AUTO_INCREMENT for table `course_assignments`
--
ALTER TABLE `course_assignments`
  MODIFY `id` int(11) NOT NULL AUTO_INCREMENT, AUTO_INCREMENT=5;
--
-- AUTO_INCREMENT for table `grades`
--
ALTER TABLE `grades`
  MODIFY `id` int(11) NOT NULL AUTO_INCREMENT, AUTO_INCREMENT=22;
--
-- AUTO_INCREMENT for table `users`
--
ALTER TABLE `users`
  MODIFY `userId` int(20) NOT NULL AUTO_INCREMENT, AUTO_INCREMENT=11;
--
-- AUTO_INCREMENT for table `user_courses`
--
ALTER TABLE `user_courses`
  MODIFY `id` int(11) NOT NULL AUTO_INCREMENT, AUTO_INCREMENT=13;
--
-- Constraints for dumped tables
--

--
-- Constraints for table `course_assignments`
--
ALTER TABLE `course_assignments`
  ADD CONSTRAINT `course_assignments_ibfk_1` FOREIGN KEY (`courseId`) REFERENCES `courses` (`courseId`),
  ADD CONSTRAINT `course_assignments_ibfk_2` FOREIGN KEY (`assignmentId`) REFERENCES `assignments` (`assignmentId`);

--
-- Constraints for table `grades`
--
ALTER TABLE `grades`
  ADD CONSTRAINT `grades_ibfk_2` FOREIGN KEY (`assignmentId`) REFERENCES `assignments` (`assignmentId`),
  ADD CONSTRAINT `grades_ibfk_3` FOREIGN KEY (`userId`) REFERENCES `users` (`userId`);

--
-- Constraints for table `user_courses`
--
ALTER TABLE `user_courses`
  ADD CONSTRAINT `user_courses_ibfk_1` FOREIGN KEY (`userId`) REFERENCES `users` (`userId`),
  ADD CONSTRAINT `user_courses_ibfk_2` FOREIGN KEY (`courseId`) REFERENCES `courses` (`courseId`);

/*!40101 SET CHARACTER_SET_CLIENT=@OLD_CHARACTER_SET_CLIENT */;
/*!40101 SET CHARACTER_SET_RESULTS=@OLD_CHARACTER_SET_RESULTS */;
/*!40101 SET COLLATION_CONNECTION=@OLD_COLLATION_CONNECTION */;
